City_ID,City,Country,Date,Lat,Lng,Max Temp,Humidity,Cloudiness,Wind Speed,Current Description
0,Port Alfred,ZA,2022-07-16 19:10:16,-33.5906,26.891,67.3,53,0,8.3,clear sky
1,Kodinsk,RU,2022-07-16 19:10:16,58.6881,99.1844,51.82,85,14,1.23,few clouds
2,Huarmey,PE,2022-07-16 19:10:16,-10.0681,-78.1522,66.99,71,5,14.41,clear sky
3,Salalah,OM,2022-07-16 19:09:00,17.0151,54.0924,78.8,90,100,4.68,overcast clouds
4,Olafsvik,IS,2022-07-16 19:10:17,64.8945,-23.7142,50.49,92,100,1.99,light rain
5,Punta Arenas,CL,2022-07-16 19:10:17,-53.15,-70.9167,35.71,80,40,8.05,scattered clouds
6,Asau,RO,2022-07-16 19:10:18,46.4333,26.4,74.32,49,0,6.55,clear sky
7,Pisco,PE,2022-07-16 19:10:18,-13.7,-76.2167,66.02,68,1,13.8,haze
8,Hilo,US,2022-07-16 19:08:40,19.7297,-155.09,84.27,94,100,5.75,moderate rain
9,Saldanha,ZA,2022-07-16 19:10:18,-33.0117,17.9442,62.74,51,50,5.41,scattered clouds
10,Qaanaaq,GL,2022-07-16 19:10:19,77.484,-69.3632,52.27,63,12,4.14,few clouds
11,Grindavik,IS,2022-07-16 19:10:19,63.8424,-22.4338,50.47,93,100,6.91,light rain
12,Hobart,AU,2022-07-16 19:09:55,-42.8794,147.3294,50.25,80,100,12.66,overcast clouds
13,Bredasdorp,ZA,2022-07-16 19:10:20,-34.5322,20.0403,62.19,42,100,5.59,overcast clouds
14,Rikitea,PF,2022-07-16 19:10:20,-23.1203,-134.9692,73.33,75,100,17.07,light rain
15,Avarua,CK,2022-07-16 19:10:20,-21.2078,-159.775,75.25,73,20,17.27,few clouds
16,Taltal,CL,2022-07-16 19:10:20,-25.4,-70.4833,61.66,46,0,6.44,clear sky
17,Norman Wells,CA,2022-07-16 19:10:21,65.282,-126.8329,65.61,50,100,12.3,overcast clouds
18,East London,ZA,2022-07-16 19:08:32,-33.0153,27.9116,66.16,51,0,8.99,clear sky
19,Maumere,ID,2022-07-16 19:10:21,-8.6199,122.2111,76.33,78,49,6.98,scattered clouds
20,Ribeira Grande,PT,2022-07-16 19:10:22,38.5167,-28.7,77.4,73,20,11.5,few clouds
21,Busselton,AU,2022-07-16 19:10:22,-33.65,115.3333,57.27,75,90,7.9,overcast clouds
22,Chapais,CA,2022-07-16 19:10:22,49.7834,-74.8492,69.24,65,91,9.53,overcast clouds
23,Rodrigues Alves,BR,2022-07-16 19:10:22,-7.738,-72.6509,84.18,67,100,1.99,overcast clouds
24,Iqaluit,CA,2022-07-16 19:10:23,63.7506,-68.5145,63.7,48,100,18.01,overcast clouds
25,Inongo,CD,2022-07-16 19:10:23,-1.95,18.2667,76.64,58,100,7.31,overcast clouds
26,Kavaratti,IN,2022-07-16 19:10:23,10.5669,72.642,81.82,80,100,14.54,overcast clouds
27,Visby,SE,2022-07-16 19:10:24,57.6409,18.296,61.05,63,75,10.36,broken clouds
28,Tiksi,RU,2022-07-16 19:10:24,71.6872,128.8694,38.57,95,51,11.63,broken clouds
29,Airai,TL,2022-07-16 19:10:24,-8.9266,125.4092,55.04,91,55,3.89,broken clouds
30,Vardo,NO,2022-07-16 19:10:25,70.3705,31.1107,51.78,100,100,20.71,overcast clouds
31,San Vicente,AR,2022-07-16 19:10:25,-26.6167,-54.1333,55.99,98,100,9.57,overcast clouds
32,Mataura,NZ,2022-07-16 19:10:25,-46.1927,168.8643,43.48,80,100,4.94,overcast clouds
33,Ponta Do Sol,PT,2022-07-16 19:10:26,32.6667,-17.1,75.0,78,35,8.19,scattered clouds
34,Sorkjosen,NO,2022-07-16 19:10:26,69.8,20.9333,51.8,93,100,9.22,moderate rain
35,Ventspils,LV,2022-07-16 19:10:26,57.3894,21.5606,58.93,67,20,5.75,few clouds
36,Valdez,EC,2022-07-16 19:10:27,1.2492,-78.9831,77.07,82,70,10.22,broken clouds
37,Butaritari,KI,2022-07-16 19:10:27,3.0707,172.7902,80.56,78,100,16.11,light rain
38,Severo-Kurilsk,RU,2022-07-16 19:10:27,50.6789,156.125,52.97,95,100,5.68,overcast clouds
39,Geraldton,AU,2022-07-16 19:10:21,-28.7667,114.6,55.81,82,75,4.61,broken clouds
40,Bonavista,CA,2022-07-16 19:10:28,48.6499,-53.1147,60.33,75,100,7.07,overcast clouds
41,Yellowknife,CA,2022-07-16 19:10:28,62.456,-114.3525,69.57,56,47,7.4,scattered clouds
42,Ushuaia,AR,2022-07-16 19:09:37,-54.8,-68.3,40.66,65,20,9.22,few clouds
43,Wajir,KE,2022-07-16 19:10:28,1.7471,40.0573,79.18,51,14,24.45,few clouds
44,Provideniya,RU,2022-07-16 19:10:29,64.3833,-173.3,51.24,55,100,4.41,overcast clouds
45,Atambua,ID,2022-07-16 19:10:29,-9.1061,124.8925,66.09,84,25,5.35,scattered clouds
46,Ulcinj,ME,2022-07-16 19:11:29,41.9294,19.2244,88.02,52,0,4.68,clear sky
47,Nikolskoye,RU,2022-07-16 19:09:26,59.7035,30.7861,58.89,90,40,4.83,scattered clouds
48,Kavieng,PG,2022-07-16 19:11:30,-2.5744,150.7967,81.45,78,13,12.15,few clouds
49,Tarko-Sale,RU,2022-07-16 19:11:30,64.9225,77.785,57.31,65,7,11.07,clear sky
50,Thompson,CA,2022-07-16 19:09:33,55.7435,-97.8558,88.18,26,100,3.53,overcast clouds
51,Hermanus,ZA,2022-07-16 19:09:31,-34.4187,19.2345,62.4,58,100,4.7,overcast clouds
52,Santo Tomas,PH,2022-07-16 19:11:31,14.1079,121.1414,77.25,95,100,2.13,overcast clouds
53,Martapura,ID,2022-07-16 19:11:31,-3.4167,114.85,75.29,100,100,6.91,overcast clouds
54,Tuatapere,NZ,2022-07-16 19:11:31,-46.1333,167.6833,42.42,87,100,7.36,light rain
55,Portland,US,2022-07-16 19:10:01,45.5234,-122.6762,72.9,73,75,8.05,broken clouds
56,Coahuayana,MX,2022-07-16 19:11:32,18.7333,-103.6833,90.7,53,97,6.2,overcast clouds
57,Beipiao,CN,2022-07-16 19:11:32,41.7919,120.7792,67.03,87,66,2.21,broken clouds
58,Marawi,PH,2022-07-16 19:11:33,7.9986,124.2928,68.34,94,100,4.45,overcast clouds
59,Vestmannaeyjar,IS,2022-07-16 19:11:33,63.4427,-20.2734,50.59,89,100,14.65,overcast clouds
60,Kayes,ML,2022-07-16 19:11:33,14.0,-11.0,88.61,59,34,8.55,scattered clouds
61,Kununurra,AU,2022-07-16 19:11:34,-15.7667,128.7333,49.98,87,7,0.0,clear sky
62,Hasaki,JP,2022-07-16 19:10:43,35.7333,140.8333,73.8,93,100,16.28,moderate rain
63,Saint-Pierre,RE,2022-07-16 19:11:34,-21.3393,55.4781,69.48,79,75,23.02,broken clouds
64,Yelkhovka,RU,2022-07-16 19:11:34,53.8667,50.2832,71.73,70,100,1.66,overcast clouds
65,Dikson,RU,2022-07-16 19:11:35,73.5069,80.5464,47.88,68,40,7.63,scattered clouds
66,Hithadhoo,MV,2022-07-16 19:11:35,-0.6,73.0833,83.3,77,14,15.03,few clouds
67,Khatanga,RU,2022-07-16 19:11:35,71.9667,102.5,54.61,67,13,5.66,few clouds
68,Aykhal,RU,2022-07-16 19:11:36,66.0,111.5,51.15,96,100,16.06,light rain
69,Puerto Ayora,EC,2022-07-16 19:11:36,-0.7393,-90.3518,75.16,87,37,7.0,scattered clouds
70,Emba,KZ,2022-07-16 19:11:36,48.8264,58.1442,77.77,47,5,11.32,clear sky
71,Mandera,KE,2022-07-16 19:11:37,3.9366,41.867,83.32,49,98,19.64,overcast clouds
72,Coquimbo,CL,2022-07-16 19:11:37,-29.9533,-71.3436,58.73,62,0,6.91,clear sky
73,Chuy,UY,2022-07-16 19:11:38,-33.6971,-53.4616,50.74,92,100,12.84,overcast clouds
74,Kitimat,CA,2022-07-16 19:11:38,54.0524,-128.6534,62.91,46,59,1.99,broken clouds
75,Axim,GH,2022-07-16 19:11:38,4.8699,-2.2405,75.9,83,100,8.93,overcast clouds
76,Port Lincoln,AU,2022-07-16 19:11:38,-34.7333,135.8667,55.56,79,7,17.13,clear sky
77,Progreso,MX,2022-07-16 19:11:39,21.2833,-89.6667,94.1,58,89,14.54,overcast clouds
78,Albany,US,2022-07-16 19:11:39,42.6001,-73.9662,85.42,49,100,3.0,overcast clouds
79,Invermere,CA,2022-07-16 19:11:40,50.5167,-116.0354,85.42,23,0,2.75,clear sky
80,Jamestown,US,2022-07-16 19:11:40,42.097,-79.2353,83.95,38,0,6.91,clear sky
81,Zeya,RU,2022-07-16 19:11:40,53.75,127.2667,64.51,94,8,2.37,clear sky
82,Mizdah,LY,2022-07-16 19:11:40,31.4451,12.9801,83.71,25,0,6.26,clear sky
83,Vaini,TO,2022-07-16 19:11:41,-21.2,-175.2,73.56,94,40,3.44,scattered clouds
84,Vila Franca Do Campo,PT,2022-07-16 19:11:41,37.7167,-25.4333,72.01,74,0,9.01,clear sky
85,Kamenka,RU,2022-07-16 19:09:43,51.3223,42.7678,68.29,75,100,6.89,overcast clouds
86,Longyearbyen,SJ,2022-07-16 19:11:41,78.2186,15.6401,57.04,58,0,20.71,clear sky
87,Georgetown,MY,2022-07-16 19:11:42,5.4112,100.3354,82.89,83,20,0.0,few clouds
88,Kruisfontein,ZA,2022-07-16 19:11:42,-34.0033,24.7314,65.19,26,7,9.51,clear sky
89,Ilhabela,BR,2022-07-16 19:08:05,-23.7781,-45.3581,79.39,58,100,4.12,overcast clouds
90,Kahului,US,2022-07-16 19:10:46,20.8947,-156.47,82.98,80,20,23.02,few clouds
91,Dubbo,AU,2022-07-16 19:12:43,-32.25,148.6167,39.33,81,0,3.44,clear sky
92,Nanga Eboko,CM,2022-07-16 19:12:43,4.6833,12.3667,68.72,96,100,2.59,overcast clouds
93,San Juan Bautista,PE,2022-07-16 19:08:50,-14.0108,-75.7358,75.65,35,20,5.64,few clouds
94,Areia Branca,BR,2022-07-16 19:12:44,-4.9561,-37.1369,84.51,65,100,10.71,overcast clouds
95,Saint Anthony,US,2022-07-16 19:12:44,45.0205,-93.218,88.83,54,0,11.5,clear sky
96,Inta,RU,2022-07-16 19:12:44,66.0317,60.1659,65.28,74,95,9.64,light rain
97,Sibolga,ID,2022-07-16 19:12:44,1.7427,98.7792,76.21,80,90,3.87,overcast clouds
98,Kogon,UZ,2022-07-16 19:12:45,39.7228,64.5517,84.24,20,0,13.8,clear sky
99,Rupert,US,2022-07-16 19:12:45,42.6191,-113.6772,89.55,23,0,4.61,clear sky
100,Teguldet,RU,2022-07-16 19:12:45,57.3064,88.1667,50.29,79,100,1.92,overcast clouds
101,Upernavik,GL,2022-07-16 19:12:46,72.7868,-56.1549,47.5,66,100,6.82,overcast clouds
102,Bambous Virieux,MU,2022-07-16 19:12:02,-20.3428,57.7575,70.21,69,25,14.94,light rain
103,Okhotsk,RU,2022-07-16 19:12:46,59.3833,143.3,56.55,92,87,2.66,overcast clouds
104,Sao Filipe,CV,2022-07-16 19:12:46,14.8961,-24.4956,75.6,82,21,6.31,few clouds
105,Mercedes,AR,2022-07-16 19:12:47,-34.6515,-59.4307,49.03,56,100,15.68,overcast clouds
106,Sovetskiy,RU,2022-07-16 19:12:47,61.3614,63.5842,64.11,62,73,6.42,broken clouds
107,Carnarvon,AU,2022-07-16 19:09:18,-24.8667,113.6333,68.0,50,100,8.7,overcast clouds
108,Umm Lajj,SA,2022-07-16 19:12:48,25.0213,37.2685,86.83,51,6,8.46,clear sky
109,Bluff,NZ,2022-07-16 19:10:45,-46.6,168.3333,43.81,78,100,15.19,overcast clouds
110,Sioux Lookout,CA,2022-07-16 19:12:48,50.1001,-91.917,84.85,33,100,5.28,overcast clouds
111,Los Llanos De Aridane,ES,2022-07-16 19:12:11,28.6585,-17.9182,70.12,86,20,16.11,few clouds
112,Yasnogorsk,RU,2022-07-16 19:12:49,54.4803,37.6975,66.56,71,88,4.03,overcast clouds
113,Anjiang,CN,2022-07-16 19:12:49,27.3194,110.1031,82.04,79,100,4.0,overcast clouds
114,Mahebourg,MU,2022-07-16 19:12:49,-20.4081,57.7,70.25,71,21,14.54,light rain
115,Nacala,MZ,2022-07-16 19:12:50,-14.5428,40.6728,68.11,87,19,7.47,few clouds
116,Wufeng,CN,2022-07-16 19:12:50,27.45,104.8333,65.64,90,100,1.28,overcast clouds
117,Belaya Gora,RU,2022-07-16 19:12:50,68.5333,146.4167,52.09,67,100,9.64,overcast clouds
118,Frontino,CO,2022-07-16 19:12:51,6.7801,-76.1288,74.53,77,60,3.83,broken clouds
119,Richards Bay,ZA,2022-07-16 19:12:51,-28.783,32.0377,62.38,84,0,6.6,clear sky
120,Cambridge,CA,2022-07-16 19:10:03,43.3601,-80.3127,87.22,34,0,1.99,clear sky
121,Fujin,CN,2022-07-16 19:12:51,47.26,132.0322,63.12,99,100,6.78,overcast clouds
122,Tahe,CN,2022-07-16 19:12:52,52.3333,124.7333,61.79,96,32,0.81,scattered clouds
123,Bathsheba,BB,2022-07-16 19:12:52,13.2167,-59.5167,79.05,96,75,20.71,broken clouds
124,Jintur,IN,2022-07-16 19:12:52,19.6167,76.7,78.55,79,100,14.0,overcast clouds
125,Srednekolymsk,RU,2022-07-16 19:12:53,67.45,153.6833,51.62,74,100,5.5,overcast clouds
126,Pevek,RU,2022-07-16 19:12:53,69.7008,170.3133,34.5,94,100,3.67,overcast clouds
127,Rabo De Peixe,PT,2022-07-16 19:12:53,37.8,-25.5833,71.11,78,40,8.05,scattered clouds
128,Xuddur,SO,2022-07-16 19:12:54,4.1213,43.8894,74.37,68,6,21.5,clear sky
129,Szigetvar,HU,2022-07-16 19:12:54,46.0486,17.8055,77.95,41,7,9.71,clear sky
130,Barvinkove,UA,2022-07-16 19:12:55,48.9097,37.0205,66.2,82,74,8.88,light rain
131,Ust-Kulom,RU,2022-07-16 19:12:55,61.6864,53.6902,63.64,81,65,5.12,broken clouds
132,Karakol,KG,2022-07-16 19:12:55,42.4907,78.3936,59.63,33,2,4.47,clear sky
133,Kaitangata,NZ,2022-07-16 19:12:56,-46.2817,169.8464,37.89,72,100,7.58,overcast clouds
134,Tasiilaq,GL,2022-07-16 19:13:56,65.6145,-37.6368,50.16,65,95,3.0,overcast clouds
135,Nome,US,2022-07-16 19:13:56,64.5011,-165.4064,57.16,62,0,8.05,clear sky
136,Zhangjiakou,CN,2022-07-16 19:13:56,40.81,114.8794,71.76,42,76,6.76,broken clouds
137,Kushima,JP,2022-07-16 19:13:57,31.4583,131.2333,75.34,91,100,5.12,overcast clouds
138,Batemans Bay,AU,2022-07-16 19:13:57,-35.7167,150.1833,51.1,50,1,11.83,clear sky
139,Matane,CA,2022-07-16 19:13:57,48.8286,-67.522,71.1,52,52,13.15,broken clouds
140,New Norfolk,AU,2022-07-16 19:13:58,-42.7826,147.0587,49.91,85,100,1.01,overcast clouds
141,Faanui,PF,2022-07-16 19:13:58,-16.4833,-151.75,76.68,69,89,24.96,light rain
142,Kirishi,RU,2022-07-16 19:13:58,59.4471,32.0205,52.77,85,18,4.45,few clouds
143,Rockwall,US,2022-07-16 19:11:41,32.9001,-96.4003,100.35,45,0,9.22,clear sky
144,Cidreira,BR,2022-07-16 19:13:59,-30.1811,-50.2056,67.3,87,71,6.49,light rain
145,Hualmay,PE,2022-07-16 19:13:59,-11.0964,-77.6139,64.44,75,42,13.18,scattered clouds
146,Saint-Philippe,RE,2022-07-16 19:13:59,-21.3585,55.7679,69.39,76,29,13.24,scattered clouds
147,Losinyy,RU,2022-07-16 19:14:00,57.1386,61.0666,73.15,97,66,5.93,broken clouds
148,Toora-Khem,RU,2022-07-16 19:14:00,52.4675,96.11,53.17,73,100,1.88,overcast clouds
149,Kodiak,US,2022-07-16 19:14:00,57.79,-152.4072,56.71,88,100,6.91,overcast clouds
150,Dauriya,RU,2022-07-16 19:14:01,49.9333,116.8667,62.56,98,100,2.73,overcast clouds
151,Vao,NC,2022-07-16 19:14:01,-22.6667,167.4833,68.86,59,4,24.23,clear sky
152,Clyde River,CA,2022-07-16 19:14:01,70.4692,-68.5914,48.22,50,99,8.66,overcast clouds
153,Katsuura,JP,2022-07-16 19:14:02,35.1333,140.3,74.34,93,100,19.22,light rain
154,Qorveh,IR,2022-07-16 19:14:02,35.1664,47.8045,74.12,16,0,11.12,clear sky
155,Nanortalik,GL,2022-07-16 19:14:02,60.1432,-45.2371,43.9,79,58,4.52,broken clouds
156,Rawson,AR,2022-07-16 19:14:03,-43.3002,-65.1023,43.36,53,11,7.96,few clouds
157,Bela,IN,2022-07-16 19:14:03,25.9333,81.9833,93.96,44,1,15.84,clear sky
158,Verkhoyansk,RU,2022-07-16 19:14:03,67.5447,133.385,53.17,79,100,4.47,light rain
159,Totma,RU,2022-07-16 19:14:04,59.9747,42.7642,55.67,85,19,4.88,few clouds
160,Oranjestad,AW,2022-07-16 19:14:04,12.524,-70.027,85.95,70,40,23.02,scattered clouds
161,Sena Madureira,BR,2022-07-16 19:14:04,-9.0656,-68.6569,87.1,57,100,1.81,overcast clouds
162,Tuktoyaktuk,CA,2022-07-16 19:14:05,69.4541,-133.0374,55.58,51,91,16.42,overcast clouds
163,Smithers,CA,2022-07-16 19:14:05,54.7804,-127.1743,63.28,50,36,3.51,scattered clouds
164,Elat,IL,2022-07-16 19:14:05,29.5581,34.9482,84.15,49,0,13.78,clear sky
165,Kijang,KR,2022-07-16 19:14:06,35.2442,129.2139,75.27,77,98,5.35,overcast clouds
166,Canavieiras,BR,2022-07-16 19:14:06,-15.675,-38.9472,76.42,66,0,5.35,clear sky
167,Truckee,US,2022-07-16 19:13:05,39.328,-120.1833,94.71,22,0,8.05,clear sky
168,Riyadh,SA,2022-07-16 19:09:31,24.6877,46.7219,95.14,9,96,11.01,overcast clouds
169,Akdepe,TM,2022-07-16 19:14:06,42.0551,59.3788,90.5,16,0,9.28,clear sky
170,Kasongo-Lunda,CD,2022-07-16 19:14:07,-6.4667,16.8167,77.83,30,15,2.57,few clouds
171,Ostrovnoy,RU,2022-07-16 19:14:07,68.0531,39.5131,57.33,94,100,1.95,light rain
172,Gamba,GA,2022-07-16 19:14:07,-2.65,10.0,70.45,90,100,6.93,overcast clouds
173,Pital,CO,2022-07-16 19:14:08,2.2665,-75.8044,84.7,48,34,3.31,scattered clouds
174,Kapaa,US,2022-07-16 19:14:08,22.0752,-159.319,80.58,82,100,14.97,overcast clouds
175,Nokaneng,BW,2022-07-16 19:11:17,-19.6667,22.2667,57.6,38,0,8.41,clear sky
176,Cape Town,ZA,2022-07-16 19:09:53,-33.9258,18.4232,69.39,50,100,3.0,overcast clouds
177,Hami,CN,2022-07-16 19:11:58,42.8,93.45,84.24,17,100,10.47,overcast clouds
178,Iberia,US,2022-07-16 19:14:09,29.9502,-91.7507,96.96,55,0,3.44,clear sky
179,Haines Junction,CA,2022-07-16 19:10:47,60.7522,-137.5108,51.69,80,100,5.95,overcast clouds
180,Sao Joao Da Barra,BR,2022-07-16 19:14:09,-21.6403,-41.0511,74.59,72,100,18.19,overcast clouds
181,Shimoda,JP,2022-07-16 19:14:09,34.6667,138.95,70.11,94,100,5.1,overcast clouds
182,Donskoye,RU,2022-07-16 19:14:10,45.4552,41.9741,71.73,54,93,9.31,overcast clouds
183,Lagoa,PT,2022-07-16 19:14:10,39.05,-27.9833,70.38,86,0,10.47,clear sky
184,Rayevskaya,RU,2022-07-16 19:15:10,44.8319,37.5556,70.72,86,77,3.74,broken clouds
185,Petrinja,HR,2022-07-16 19:15:11,45.4375,16.29,76.91,69,49,3.22,scattered clouds
186,Lebu,CL,2022-07-16 19:15:11,-37.6167,-73.65,49.08,71,100,14.18,overcast clouds
187,Cibitoke,BI,2022-07-16 19:15:12,-2.8833,29.25,64.78,62,14,4.09,few clouds
188,Yerofey Pavlovich,RU,2022-07-16 19:15:12,53.9667,121.9667,61.9,97,100,3.36,overcast clouds
189,Tautira,PF,2022-07-16 19:15:12,-17.7333,-149.15,75.94,58,83,20.65,broken clouds
190,Ola,RU,2022-07-16 19:15:13,59.5833,151.2833,55.15,97,100,4.52,overcast clouds
191,Alice Springs,AU,2022-07-16 19:12:29,-23.7,133.8833,36.95,38,5,5.75,clear sky
192,Blackwater,AU,2022-07-16 19:15:13,-23.5833,148.8833,53.51,81,0,7.85,clear sky
193,Faya,SA,2022-07-16 19:15:13,18.3851,42.4509,68.52,43,70,5.39,broken clouds
194,Prince Rupert,CA,2022-07-16 19:11:18,54.3161,-130.3201,57.9,86,63,3.44,light rain
195,Pantabangan,PH,2022-07-16 19:15:14,15.8113,121.1443,73.69,95,100,0.87,light rain
196,Sebring,US,2022-07-16 19:15:14,27.4956,-81.4409,92.91,61,40,9.22,scattered clouds
197,Saskylakh,RU,2022-07-16 19:15:14,71.9167,114.0833,49.1,74,41,7.45,scattered clouds
198,Kristiansund,NO,2022-07-16 19:15:15,63.1115,7.732,51.85,81,75,14.97,drizzle
199,Kashi,CN,2022-07-16 19:15:15,39.4547,75.9797,78.4,31,19,6.53,few clouds
200,Torbay,CA,2022-07-16 19:15:15,47.6666,-52.7314,75.97,43,40,17.27,scattered clouds
201,Araouane,ML,2022-07-16 19:15:16,18.9048,-3.5265,102.79,16,3,10.78,clear sky
202,Cabedelo,BR,2022-07-16 19:15:16,-6.9811,-34.8339,75.87,85,35,18.12,scattered clouds
203,Arraial Do Cabo,BR,2022-07-16 19:15:16,-22.9661,-42.0278,76.86,69,0,12.66,clear sky
204,Kulhudhuffushi,MV,2022-07-16 19:15:17,6.6221,73.07,82.04,79,36,9.73,scattered clouds
205,Havre-Saint-Pierre,CA,2022-07-16 19:15:17,50.2334,-63.5986,68.36,56,40,8.05,scattered clouds
206,Sitka,US,2022-07-16 19:15:17,57.0531,-135.33,60.69,72,100,6.91,overcast clouds
207,Mar Del Plata,AR,2022-07-16 19:15:18,-38.0023,-57.5575,49.08,78,100,14.97,overcast clouds
208,Azuaga,ES,2022-07-16 19:15:18,38.2667,-5.6833,96.96,16,0,13.53,clear sky
209,Noumea,NC,2022-07-16 19:15:18,-22.2763,166.4572,64.38,67,25,13.42,scattered clouds
210,Boende,CD,2022-07-16 19:15:19,-0.2167,20.8667,72.09,94,100,5.21,moderate rain
211,Klaksvik,FO,2022-07-16 19:14:41,62.2266,-6.589,52.72,91,100,13.96,overcast clouds
212,Dusti,TJ,2022-07-16 19:15:19,37.3481,68.664,86.25,15,0,2.73,clear sky
213,Svetlaya,RU,2022-07-16 19:15:20,46.5389,138.3297,57.83,89,100,9.64,overcast clouds
214,Cururupu,BR,2022-07-16 19:15:20,-1.8283,-44.8683,84.09,65,67,5.59,broken clouds
215,Springbok,ZA,2022-07-16 19:15:20,-29.6643,17.8865,61.57,24,7,8.37,clear sky
216,Atuona,PF,2022-07-16 19:15:20,-9.8,-139.0333,77.38,74,74,16.04,light rain
217,Barrow,US,2022-07-16 19:11:27,71.2906,-156.7887,37.42,87,100,9.22,overcast clouds
218,Changji,CN,2022-07-16 19:15:21,44.0167,87.3167,79.59,22,0,6.71,clear sky
219,Zhaotong,CN,2022-07-16 19:15:21,27.3167,103.7167,68.34,85,100,1.92,moderate rain
220,Velyka Bahachka,UA,2022-07-16 19:15:22,49.7912,33.7226,62.04,71,0,7.83,clear sky
221,Buchanan,LR,2022-07-16 19:15:22,5.8808,-10.0467,76.73,84,96,11.43,overcast clouds
222,Ahuimanu,US,2022-07-16 19:15:22,21.4447,-157.8378,82.11,68,75,13.8,broken clouds
223,Vraca,BA,2022-07-16 19:15:22,43.8422,18.3955,72.32,78,0,4.61,clear sky
224,Nizhniy Odes,RU,2022-07-16 19:15:23,63.6445,54.856,64.35,97,100,5.57,light rain
225,Nishihara,JP,2022-07-16 19:15:23,26.1842,127.7558,83.86,94,20,12.66,heavy intensity rain
226,Kedrovyy,RU,2022-07-16 19:15:23,56.1667,91.8167,45.01,90,100,2.48,overcast clouds
227,Ayan,RU,2022-07-16 19:15:24,56.45,138.1667,57.09,93,85,6.33,overcast clouds
228,Malvern,US,2022-07-16 19:15:24,34.3623,-92.813,99.32,45,6,3.42,clear sky
229,Egvekinot,RU,2022-07-16 19:16:24,66.3167,-179.1667,43.97,86,66,7.16,broken clouds
230,Veere,NL,2022-07-16 19:16:25,51.5483,3.6667,68.0,61,14,10.36,few clouds
231,Leningradskiy,RU,2022-07-16 19:16:25,69.3833,178.4167,35.37,91,100,4.09,light rain
232,Hargeysa,SO,2022-07-16 19:15:27,9.56,44.065,72.68,52,57,26.46,broken clouds
233,Zatoka,UA,2022-07-16 19:16:26,46.0725,30.4654,75.42,71,99,7.02,overcast clouds
234,Santa Isabel,BR,2022-07-16 19:16:26,-23.3156,-46.2214,83.5,34,100,7.07,overcast clouds
235,Arrecife,ES,2022-07-16 19:16:26,28.963,-13.5477,75.18,73,20,18.41,few clouds
236,Madang,PG,2022-07-16 19:16:27,-5.2246,145.7966,76.19,91,98,2.46,overcast clouds
237,Dorogino,RU,2022-07-16 19:16:27,54.3598,83.3198,55.44,75,100,6.53,overcast clouds
238,Beringovskiy,RU,2022-07-16 19:16:27,63.05,179.3167,53.26,72,15,6.85,few clouds
239,Praia Da Vitoria,PT,2022-07-16 19:16:28,38.7333,-27.0667,74.75,78,75,12.82,broken clouds
240,Saint-Francois,FR,2022-07-16 19:16:28,46.4154,3.9054,83.68,36,0,8.05,clear sky
241,Yelan,RU,2022-07-16 19:16:28,50.949,43.7378,69.89,68,100,7.43,overcast clouds
242,Cordeiropolis,BR,2022-07-16 19:16:28,-22.4819,-47.4567,83.97,28,100,9.42,overcast clouds
243,Taoudenni,ML,2022-07-16 19:16:29,22.6783,-3.9836,107.33,15,96,15.01,overcast clouds
244,Banda Aceh,ID,2022-07-16 19:16:29,5.5577,95.3222,79.23,84,94,10.87,overcast clouds
245,Victoria,HK,2022-07-16 19:15:25,22.2855,114.1577,86.38,82,100,11.99,overcast clouds
246,San Fernando,PH,2022-07-16 19:16:30,15.0286,120.6898,78.53,95,100,3.89,light rain
247,Lavrentiya,RU,2022-07-16 19:16:30,65.5833,-171.0,47.35,67,94,5.91,overcast clouds
248,College,US,2022-07-16 19:16:30,64.8569,-147.8028,60.08,88,75,8.05,broken clouds
249,Saint George,US,2022-07-16 19:16:30,37.1041,-113.5841,105.8,19,0,5.01,clear sky
250,Souillac,MU,2022-07-16 19:16:31,-20.5167,57.5167,71.98,73,75,11.5,broken clouds
251,Port Hedland,AU,2022-07-16 19:16:31,-20.3167,118.5667,55.45,54,41,8.05,scattered clouds
252,Nisia Floresta,BR,2022-07-16 19:16:31,-6.0911,-35.2086,80.98,86,42,13.31,scattered clouds
253,Labuhan,ID,2022-07-16 19:16:32,-6.8844,112.2051,75.94,87,97,10.6,overcast clouds
254,Bulungu,CD,2022-07-16 19:16:32,-4.55,18.6,86.0,31,98,4.52,overcast clouds
255,Puerto Madero,MX,2022-07-16 19:16:32,14.7208,-92.4215,89.8,66,40,9.22,scattered clouds
256,Tsogni,GA,2022-07-16 19:16:33,-2.7942,10.0988,69.3,92,97,6.17,overcast clouds
257,Moron,AR,2022-07-16 19:16:33,-34.6534,-58.6198,50.02,75,100,12.33,overcast clouds
258,Fairbanks,US,2022-07-16 19:16:33,64.8378,-147.7164,60.1,87,100,8.05,overcast clouds
259,Castro,BR,2022-07-16 19:16:34,-24.7911,-50.0119,74.59,51,13,14.94,few clouds
260,Moose Factory,CA,2022-07-16 19:16:34,51.2585,-80.6094,71.58,78,75,11.5,haze
261,Birin,NP,2022-07-16 19:16:34,26.8865,88.0718,66.65,88,52,2.73,broken clouds
262,Lata,PT,2022-07-16 19:16:35,40.1629,-8.3327,77.45,49,100,4.81,overcast clouds
263,Kaeo,NZ,2022-07-16 19:16:35,-35.1,173.7833,43.32,94,6,4.68,clear sky
264,Orange,US,2022-07-16 19:16:35,33.7,-117.7675,101.68,63,20,9.22,few clouds
265,Phangnga,TH,2022-07-16 19:16:36,8.4509,98.5298,78.84,94,100,2.37,overcast clouds
266,Buin,CL,2022-07-16 19:16:36,-33.7333,-70.75,53.92,54,94,1.43,overcast clouds
267,Neuquen,AR,2022-07-16 19:16:36,-38.9516,-68.0591,49.42,36,11,19.42,few clouds
268,Umm Kaddadah,SD,2022-07-16 19:16:37,13.6017,26.6876,90.48,35,66,10.02,broken clouds
269,Jiexiu,CN,2022-07-16 19:16:37,37.0244,111.9125,71.65,78,52,3.78,broken clouds
270,Polczyn-Zdroj,PL,2022-07-16 19:16:37,53.7642,16.0957,59.29,68,4,13.31,clear sky
271,Vallenar,CL,2022-07-16 19:15:48,-28.5708,-70.7581,57.24,29,29,7.65,scattered clouds
272,Sisimiut,GL,2022-07-16 19:16:38,66.9395,-53.6735,43.41,81,99,8.9,overcast clouds
273,Sept-Iles,CA,2022-07-16 19:16:38,50.2001,-66.3821,70.05,67,100,4.61,overcast clouds
274,Bahia Honda,CU,2022-07-16 19:16:38,22.9036,-83.1592,87.69,56,65,3.33,light rain
275,Flin Flon,CA,2022-07-16 19:17:39,54.7682,-101.865,84.04,51,75,9.22,broken clouds
276,Kundla,IN,2022-07-16 19:17:39,21.3333,71.3,79.5,89,81,17.02,broken clouds
277,Beloha,MG,2022-07-16 19:17:39,-25.1667,45.05,65.73,81,5,16.13,clear sky
278,Ust-Omchug,RU,2022-07-16 19:17:40,61.15,149.6333,63.81,87,100,3.29,overcast clouds
279,Luderitz,NA,2022-07-16 19:13:26,-26.6481,15.1594,68.04,38,0,2.01,clear sky
280,Lasa,IT,2022-07-16 19:17:40,46.6166,10.7002,67.1,74,0,4.54,clear sky
281,Shingu,JP,2022-07-16 19:17:41,33.7333,135.9833,74.52,94,13,3.51,few clouds
282,Salym,RU,2022-07-16 19:17:41,60.0625,71.4789,54.95,97,46,5.01,scattered clouds
283,Constitucion,CL,2022-07-16 19:17:41,-35.3333,-72.4167,50.68,70,100,6.04,overcast clouds
284,Port Elizabeth,ZA,2022-07-16 19:17:41,-33.918,25.5701,59.29,63,75,4.61,broken clouds
285,Kriel,ZA,2022-07-16 19:17:42,-26.2739,29.2253,48.81,54,0,7.11,clear sky
286,Aklavik,CA,2022-07-16 19:17:42,68.2191,-135.0107,59.0,67,100,8.05,overcast clouds
287,Bogorodskoye,RU,2022-07-16 19:17:42,56.55,37.8833,55.22,82,86,5.44,overcast clouds
288,Ketchikan,US,2022-07-16 19:17:43,55.3422,-131.6461,61.27,72,75,4.61,broken clouds
289,Sao Felix Do Xingu,BR,2022-07-16 19:17:43,-6.6447,-51.995,95.92,25,6,2.84,clear sky
290,Ilulissat,GL,2022-07-16 19:17:43,69.2167,-51.1,46.42,71,20,4.61,few clouds
291,Bam,IR,2022-07-16 19:17:44,29.106,58.357,90.36,9,83,7.16,broken clouds
292,Leua,SK,2022-07-16 19:17:44,48.2156,18.6071,74.5,42,89,4.5,overcast clouds
293,Katobu,ID,2022-07-16 19:17:44,-4.9408,122.5276,73.81,88,100,4.74,overcast clouds
294,Searcy,US,2022-07-16 19:14:45,35.2506,-91.7363,98.6,44,0,8.05,clear sky
295,Cervo,ES,2022-07-16 19:17:45,43.6702,-7.4101,64.96,85,100,5.01,overcast clouds
296,Pato Branco,BR,2022-07-16 19:17:45,-26.2286,-52.6706,66.52,82,100,13.53,light rain
297,Namatanai,PG,2022-07-16 19:17:45,-3.6667,152.4333,78.13,83,89,7.29,light rain
298,San Miguel,SV,2022-07-16 19:16:27,13.4833,-88.1833,91.0,58,0,3.44,clear sky
299,Port Hardy,CA,2022-07-16 19:17:46,50.6996,-127.4199,59.18,82,75,5.75,broken clouds
300,Kupang,ID,2022-07-16 19:17:46,-10.1667,123.5833,70.92,79,13,8.12,few clouds
301,Trairi,BR,2022-07-16 19:15:44,-3.2778,-39.2689,83.23,66,68,12.24,broken clouds
302,Tarut,SA,2022-07-16 19:17:47,26.5733,50.0369,93.42,60,100,11.23,overcast clouds
303,Yulara,AU,2022-07-16 19:17:47,-25.2406,130.9889,50.61,22,98,5.44,overcast clouds
304,Chake Chake,TZ,2022-07-16 19:17:47,-5.2459,39.7666,74.59,80,100,13.82,overcast clouds
305,Aban,RU,2022-07-16 19:17:48,56.67,96.06,51.22,92,96,1.79,overcast clouds
306,Voi,KE,2022-07-16 19:17:48,-3.3945,38.563,67.96,83,100,11.95,overcast clouds
307,Nemuro,JP,2022-07-16 19:17:48,43.3236,145.575,60.73,98,100,22.66,moderate rain
308,Kiama,AU,2022-07-16 19:17:49,-34.6833,150.8667,57.45,58,0,8.01,clear sky
309,Talnakh,RU,2022-07-16 19:17:49,69.4865,88.3972,60.21,50,100,6.87,overcast clouds
310,Chokurdakh,RU,2022-07-16 19:17:49,70.6333,147.9167,46.18,77,100,14.74,overcast clouds
311,Boksitogorsk,RU,2022-07-16 19:17:50,59.474,33.8485,51.6,93,8,4.61,clear sky
312,Yenagoa,NG,2022-07-16 19:17:50,4.9247,6.2642,74.93,84,100,6.26,overcast clouds
313,Phalodi,IN,2022-07-16 19:17:50,27.1333,72.3667,89.71,58,41,9.06,scattered clouds
314,Saravan,AM,2022-07-16 19:17:51,39.7196,45.6483,66.15,56,0,8.9,clear sky
315,Andenes,NO,2022-07-16 19:17:51,69.3143,16.1194,50.94,93,100,10.36,overcast clouds
316,Kolpashevo,RU,2022-07-16 19:17:51,58.3131,82.9089,54.25,96,100,3.76,light rain
317,Grong,NO,2022-07-16 19:17:52,64.4654,12.3149,48.63,94,100,10.6,overcast clouds
318,Grand Forks,US,2022-07-16 19:17:52,47.9417,-97.4337,80.53,74,20,11.5,few clouds
319,Upata,VE,2022-07-16 19:17:52,8.0086,-62.3989,78.78,78,97,3.71,overcast clouds
320,Guerrero Negro,MX,2022-07-16 19:18:53,27.9769,-114.0611,71.67,68,100,12.1,overcast clouds
321,Inirida,CO,2022-07-16 19:18:53,3.8653,-67.9239,91.35,50,52,2.08,broken clouds
322,Hokitika,NZ,2022-07-16 19:18:53,-42.7167,170.9667,44.64,82,100,2.53,overcast clouds
323,Amga,RU,2022-07-16 19:18:54,60.8953,131.9608,66.94,91,10,1.39,clear sky
324,Forbes,AU,2022-07-16 19:18:54,-33.3833,148.0167,41.99,75,0,11.99,clear sky
325,Rocha,UY,2022-07-16 19:15:27,-34.4833,-54.3333,48.94,91,100,19.82,moderate rain
326,Honningsvag,NO,2022-07-16 19:18:54,70.9821,25.9704,51.55,93,100,14.97,overcast clouds
327,Bima,ID,2022-07-16 19:18:55,-8.4667,118.7167,74.8,90,67,3.67,broken clouds
328,Altay,CN,2022-07-16 19:18:55,47.8667,88.1167,62.92,54,0,5.14,clear sky
329,Yugorsk,RU,2022-07-16 19:18:55,61.3133,63.3319,63.68,66,31,5.28,scattered clouds
330,Norden,DE,2022-07-16 19:18:56,53.6,7.2,60.94,67,14,11.97,few clouds
331,Guymon,US,2022-07-16 19:16:47,36.6828,-101.4816,105.8,14,20,10.36,few clouds
332,Mandalgovi,MN,2022-07-16 19:18:56,45.7625,106.2708,58.73,58,0,0.87,clear sky
333,Paris,FR,2022-07-16 19:14:00,48.8534,2.3488,81.37,38,0,12.66,clear sky
334,Sirajganj,BD,2022-07-16 19:18:57,24.45,89.7167,85.14,76,6,15.19,clear sky
335,Clovis,US,2022-07-16 19:18:57,36.8252,-119.7029,105.6,28,20,1.99,few clouds
336,Bintulu,MY,2022-07-16 19:18:57,3.1667,113.0333,77.41,94,20,0.0,heavy intensity rain
337,Pirovskoye,RU,2022-07-16 19:18:58,57.6267,92.2658,53.6,83,100,3.74,overcast clouds
338,Liku,ID,2022-07-16 19:18:58,-0.7275,119.8922,75.33,91,100,4.16,light rain
339,Phaphund,IN,2022-07-16 19:18:58,26.6,79.4667,93.96,42,2,8.19,clear sky
340,Lingao,CN,2022-07-16 19:18:59,19.9103,109.6859,82.0,84,100,2.13,overcast clouds
341,Vaitape,PF,2022-07-16 19:18:59,-16.5167,-151.75,76.68,69,87,24.83,light rain
342,Sangar,RU,2022-07-16 19:18:59,63.9242,127.4739,64.69,90,100,4.38,light rain
343,Zhezkazgan,KZ,2022-07-16 19:19:00,47.8043,67.7144,82.58,25,39,14.29,scattered clouds
344,Pailon,BO,2022-07-16 19:19:00,-17.65,-62.75,63.5,70,100,8.84,overcast clouds
345,Zabol,AF,2022-07-16 19:19:00,32.25,67.25,77.7,45,69,5.82,broken clouds
346,Tigil,RU,2022-07-16 19:19:01,57.8,158.6667,60.1,77,14,4.59,few clouds
347,Cabo San Lucas,MX,2022-07-16 19:17:49,22.8909,-109.9124,92.5,45,20,5.99,few clouds
348,Bowling Green,US,2022-07-16 19:17:58,36.9903,-86.4436,93.54,47,0,9.22,clear sky
349,Vila Do Maio,CV,2022-07-16 19:16:10,15.1333,-23.2167,76.78,78,8,8.19,clear sky
350,Antalaha,MG,2022-07-16 19:19:01,-14.9003,50.2788,67.55,84,17,8.05,few clouds
351,Hay River,CA,2022-07-16 19:19:02,60.8156,-115.7999,61.66,65,100,4.21,overcast clouds
352,Bisira,PA,2022-07-16 19:19:02,8.5196,-81.7115,71.58,62,79,3.4,broken clouds
353,Simbahan,PH,2022-07-16 19:19:02,6.3032,120.5836,81.37,76,100,4.03,overcast clouds
354,Muros,ES,2022-07-16 19:19:03,42.7762,-9.0603,80.17,74,56,3.2,broken clouds
355,Kieta,PG,2022-07-16 19:19:03,-6.2167,155.6333,77.63,84,42,4.83,scattered clouds
356,Zhigansk,RU,2022-07-16 19:19:03,66.7697,123.3711,47.98,82,100,16.06,light rain
357,Acarau,BR,2022-07-16 19:15:49,-2.8856,-40.12,84.15,66,20,17.2,few clouds
358,Adrar,MR,2022-07-16 19:19:04,20.5022,-10.0711,105.04,6,100,18.12,overcast clouds
359,Basoko,CD,2022-07-16 19:19:04,1.2391,23.616,73.38,92,100,4.25,light rain
360,Ishinomaki,JP,2022-07-16 19:19:04,38.4167,141.3,71.82,96,100,7.0,overcast clouds
361,Sayyan,YE,2022-07-16 19:19:05,15.1718,44.3244,65.64,54,79,4.25,broken clouds
362,Meulaboh,ID,2022-07-16 19:19:05,4.1363,96.1285,77.27,89,100,3.69,overcast clouds
363,Yenotayevka,RU,2022-07-16 19:19:05,47.2456,47.0281,80.31,42,5,10.04,clear sky
364,Pangnirtung,CA,2022-07-16 19:19:06,66.1451,-65.7125,50.0,81,40,17.27,scattered clouds
365,Usinsk,RU,2022-07-16 19:20:06,65.9939,57.5281,67.78,89,100,4.36,light rain
366,Burgstadt,DE,2022-07-16 19:20:06,50.9167,12.8167,63.91,53,7,7.25,clear sky
367,San Cristobal,VE,2022-07-16 19:20:07,7.7669,-72.225,78.98,42,18,6.49,few clouds
368,Benguela,AO,2022-07-16 19:20:07,-12.5763,13.4055,68.72,87,0,4.9,clear sky
369,Mount Isa,AU,2022-07-16 19:20:07,-20.7333,139.5,40.77,87,0,0.0,clear sky
370,Luwuk,ID,2022-07-16 19:20:08,-0.9516,122.7875,76.15,87,100,5.64,overcast clouds
371,Avera,US,2022-07-16 19:20:08,33.194,-82.5271,90.55,46,38,3.6,scattered clouds
372,Mpika,ZM,2022-07-16 19:20:08,-11.8343,31.4529,55.22,56,39,4.18,scattered clouds
373,Birstonas,LT,2022-07-16 19:20:09,54.6167,24.0333,55.53,93,100,7.49,light rain
374,Nampa,US,2022-07-16 19:20:09,43.5407,-116.5635,97.36,25,0,5.75,clear sky
375,Bismarck,US,2022-07-16 19:17:46,46.8083,-100.7837,90.64,52,0,13.8,clear sky
376,Kazaki,RU,2022-07-16 19:20:09,52.6248,38.2649,65.08,61,100,4.23,overcast clouds
377,Dudinka,RU,2022-07-16 19:20:10,69.4058,86.1778,60.62,61,64,15.3,broken clouds
378,Paamiut,GL,2022-07-16 19:20:10,61.994,-49.6678,41.05,85,97,11.36,overcast clouds
379,Porto Novo,BJ,2022-07-16 19:20:10,6.4965,2.6036,75.79,86,73,9.13,broken clouds
380,Bonthe,SL,2022-07-16 19:20:11,7.5264,-12.505,77.99,84,88,9.6,light rain
381,Leova,MD,2022-07-16 19:20:11,46.4786,28.2553,71.11,56,0,3.18,clear sky
382,Sola,VU,2022-07-16 19:20:11,-13.8833,167.55,79.75,76,81,22.88,broken clouds
383,Cayenne,GF,2022-07-16 19:20:12,4.9333,-52.3333,87.84,1,100,2.3,overcast clouds
384,Tramore,IE,2022-07-16 19:20:12,52.1624,-7.1524,65.64,82,40,3.44,scattered clouds
385,Spornoye,RU,2022-07-16 19:20:12,50.8448,37.2913,63.0,72,20,8.57,few clouds
386,Marsh Harbour,BS,2022-07-16 19:20:13,26.5412,-77.0636,84.16,68,62,20.18,broken clouds
387,Alofi,NU,2022-07-16 19:20:13,-19.0595,-169.9187,73.29,83,78,4.61,broken clouds
388,Izumo,JP,2022-07-16 19:20:13,35.3667,132.7667,73.35,93,17,4.68,few clouds
389,Jagdispur,IN,2022-07-16 19:20:14,25.4833,84.4167,91.26,53,3,11.54,clear sky
390,Necochea,AR,2022-07-16 19:20:14,-38.5473,-58.7368,47.75,69,100,22.62,overcast clouds
391,Surgut,RU,2022-07-16 19:20:14,61.25,73.4167,59.18,76,0,2.24,clear sky
392,Cockburn Town,TC,2022-07-16 19:20:14,21.4612,-71.1419,85.96,70,40,17.27,scattered clouds
393,Derzhavinsk,KZ,2022-07-16 19:20:15,51.1,66.3167,69.19,71,0,15.08,clear sky
394,Yemelyanovo,RU,2022-07-16 19:20:15,56.1681,92.6767,47.21,100,100,2.24,light rain
395,Boa Vista,BR,2022-07-16 19:20:15,2.8197,-60.6733,89.58,55,40,6.91,scattered clouds
396,Thinadhoo,MV,2022-07-16 19:20:16,0.5333,72.9333,83.28,78,21,13.67,few clouds
397,Eyl,SO,2022-07-16 19:20:16,7.9803,49.8164,79.83,64,99,29.71,overcast clouds
398,Lesogorsk,RU,2022-07-16 19:20:16,56.0458,99.5136,53.49,86,83,2.17,broken clouds
399,Port Said,EG,2022-07-16 19:20:17,31.2565,32.2841,78.37,63,0,8.52,clear sky
400,Kirakira,SB,2022-07-16 19:20:17,-10.4544,161.9205,78.67,83,26,11.12,scattered clouds
401,Hofn,IS,2022-07-16 19:17:08,64.2539,-15.2082,51.03,90,72,8.57,broken clouds
402,Metaxades,GR,2022-07-16 19:20:17,41.4204,26.225,76.3,43,5,5.3,clear sky
403,Yuanping,CN,2022-07-16 19:20:18,38.7153,112.7575,70.32,47,98,4.14,overcast clouds
404,Bethel,US,2022-07-16 19:20:18,41.3712,-73.414,81.64,71,0,8.05,clear sky
405,Mayo,US,2022-07-16 19:20:18,38.8876,-76.5119,88.39,75,0,9.22,clear sky
406,Molochnoye,RU,2022-07-16 19:20:19,59.2917,39.6787,54.05,90,18,4.92,few clouds
407,Wasilla,US,2022-07-16 19:15:52,61.5814,-149.4394,58.73,88,100,5.75,light rain
408,Guthrie,US,2022-07-16 19:17:08,35.8789,-97.4253,102.9,30,0,3.44,clear sky
409,Suamico,US,2022-07-16 19:20:19,44.6319,-88.0393,78.49,59,78,1.99,broken clouds
410,Yarada,IN,2022-07-16 19:20:20,17.65,83.2667,80.92,94,100,4.61,light rain
411,Jalu,LY,2022-07-16 19:20:20,29.0331,21.5482,88.3,22,0,9.69,clear sky
412,Quatre Cocos,MU,2022-07-16 19:20:20,-20.2078,57.7625,71.71,68,21,15.46,few clouds
413,Havoysund,NO,2022-07-16 19:20:21,70.9963,24.6622,52.03,97,100,13.6,overcast clouds
414,Boddam,GB,2022-07-16 19:17:22,57.4667,-1.7833,68.43,87,100,12.39,overcast clouds
415,Linhares,BR,2022-07-16 19:21:21,-19.3911,-40.0722,81.63,42,29,9.28,scattered clouds
416,Clonakilty,IE,2022-07-16 19:21:21,51.6231,-8.8706,65.41,80,100,9.06,overcast clouds
417,Tongchuan,CN,2022-07-16 19:21:22,35.0806,109.0897,73.0,60,83,7.11,broken clouds
418,Uglovka,RU,2022-07-16 19:21:22,58.2392,33.5108,52.99,81,56,5.19,broken clouds
419,Sinop,TR,2022-07-16 19:21:22,41.7711,34.8709,62.11,88,0,3.98,clear sky
420,Ljungby,SE,2022-07-16 19:21:23,56.8332,13.9408,64.17,49,63,9.35,broken clouds
421,Acapulco,MX,2022-07-16 19:20:14,16.8634,-99.8901,85.82,70,75,10.36,broken clouds
422,Kharp,RU,2022-07-16 19:21:23,66.8014,65.8081,55.74,58,1,6.33,clear sky
423,Suez,EG,2022-07-16 19:21:23,29.9737,32.5263,78.87,36,0,5.57,clear sky
424,Padang,ID,2022-07-16 19:21:24,-0.9492,100.3543,76.71,83,99,3.6,overcast clouds
425,Barcelos,PT,2022-07-16 19:21:24,41.5388,-8.6151,84.92,55,61,4.72,broken clouds
426,Kangundo,KE,2022-07-16 19:21:24,-1.2979,37.3471,62.94,72,57,4.23,broken clouds
427,Hirara,JP,2022-07-16 19:21:25,24.8,125.2833,84.65,87,100,14.36,overcast clouds
428,Erattupetta,IN,2022-07-16 19:21:25,9.7,76.7833,75.33,92,100,2.26,overcast clouds
429,Chkalovsk,RU,2022-07-16 19:21:25,56.7647,43.2433,64.74,65,95,4.21,overcast clouds
430,Cherskiy,RU,2022-07-16 19:19:24,68.75,161.3,43.41,70,10,7.65,clear sky
431,San Ciro De Acosta,MX,2022-07-16 19:21:26,21.6333,-99.8167,84.42,41,84,9.46,broken clouds
432,Krasnoselkup,RU,2022-07-16 19:21:26,65.7,82.4667,53.73,87,63,11.01,broken clouds
433,Mednogorsk,RU,2022-07-16 19:21:26,51.4128,57.595,64.42,84,75,5.64,broken clouds
434,Sao Joao Batista,BR,2022-07-16 19:21:27,-27.2761,-48.8494,77.04,49,92,5.3,overcast clouds
435,Sorland,NO,2022-07-16 19:21:27,67.667,12.6934,51.66,83,99,12.8,overcast clouds
436,Te Anau,NZ,2022-07-16 19:21:27,-45.4167,167.7167,41.41,96,100,6.98,overcast clouds
437,Bethanien,NA,2022-07-16 19:21:28,-26.502,17.1583,62.62,19,0,9.48,clear sky
438,Bilibino,RU,2022-07-16 19:21:28,68.0546,166.4372,53.01,77,47,5.5,scattered clouds
439,Hamilton,US,2022-07-16 19:20:06,39.1834,-84.5333,93.09,51,20,14.97,few clouds
440,Sur,OM,2022-07-16 19:21:28,22.5667,59.5289,87.17,68,100,8.97,overcast clouds
441,Abashiri,JP,2022-07-16 19:21:29,44.0213,144.2697,63.95,98,100,8.14,light rain
442,Abhar,IR,2022-07-16 19:21:29,36.1468,49.218,70.63,52,0,4.74,clear sky
443,Carballo,ES,2022-07-16 19:21:29,43.213,-8.691,70.02,83,66,3.18,broken clouds
444,Balkhash,KZ,2022-07-16 19:21:30,46.844,74.9804,78.08,41,6,11.7,clear sky
445,Bubaque,GW,2022-07-16 19:21:30,11.2833,-15.8333,81.45,81,66,12.35,broken clouds
446,Narsaq,GL,2022-07-16 19:20:21,60.9167,-46.05,52.02,79,100,5.08,overcast clouds
447,Byron Bay,AU,2022-07-16 19:18:11,-28.65,153.6167,54.95,85,7,8.57,clear sky
448,Nyurba,RU,2022-07-16 19:21:31,63.2842,118.3319,55.4,97,99,3.27,overcast clouds
449,Mikhaylovka,RU,2022-07-16 19:21:31,50.06,43.2379,77.79,43,100,8.72,overcast clouds
450,Brownsville,US,2022-07-16 19:20:39,25.9018,-97.4975,97.09,43,0,16.11,clear sky
451,Codrington,AU,2022-07-16 19:21:32,-38.2667,141.9667,51.85,93,100,14.09,light rain
452,Chumphon,TH,2022-07-16 19:21:32,10.3333,98.8333,72.1,95,100,2.89,overcast clouds
453,Esperance,AU,2022-07-16 19:18:13,-33.8667,121.9,55.08,74,49,2.75,scattered clouds
454,Kautokeino,NO,2022-07-16 19:21:32,69.0125,23.0412,48.4,95,100,15.7,light rain
455,Port-Cartier,CA,2022-07-16 19:21:33,50.0334,-66.8654,69.75,55,100,9.19,overcast clouds
456,Srikakulam,IN,2022-07-16 19:21:33,18.3,83.9,78.24,92,100,5.14,very heavy rain
457,Puerto Penasco,MX,2022-07-16 19:21:33,31.3167,-113.5333,91.9,67,0,5.99,clear sky
458,Jasper,US,2022-07-16 19:21:34,37.2001,-94.3502,96.46,42,0,11.5,light rain
459,Dong Hoi,VN,2022-07-16 19:21:34,17.4833,106.6,81.46,81,100,6.24,overcast clouds
460,Gaya,IN,2022-07-16 19:22:34,24.7833,85.0,88.41,60,3,10.83,clear sky
461,Hobbs,US,2022-07-16 19:22:35,32.7026,-103.136,94.82,22,0,8.05,clear sky
462,Palmer,US,2022-07-16 19:22:35,42.1584,-72.3287,82.51,58,75,6.91,broken clouds
463,Kutum,SD,2022-07-16 19:22:35,14.2,24.6667,82.02,42,100,8.57,overcast clouds
464,Phan Thiet,VN,2022-07-16 19:22:36,10.9333,108.1,77.59,90,55,6.6,broken clouds
465,Walvis Bay,NA,2022-07-16 19:22:36,-22.9575,14.5053,76.15,20,0,4.61,clear sky
466,San Andres,CO,2022-07-16 19:22:36,12.5847,-81.7006,86.02,70,20,13.8,few clouds
467,La Libertad,EC,2022-07-16 19:18:58,-2.2333,-80.9,69.46,83,100,13.8,overcast clouds
468,Buncrana,IE,2022-07-16 19:22:37,55.1333,-7.45,65.97,92,100,3.02,heavy intensity rain
469,Ubinskoye,RU,2022-07-16 19:22:37,55.3068,79.6802,57.42,80,100,3.58,overcast clouds
470,Haverfordwest,GB,2022-07-16 19:22:37,51.8017,-4.9691,71.19,72,100,2.93,overcast clouds
471,Watertown,US,2022-07-16 19:22:38,42.3709,-71.1828,87.98,42,0,13.8,clear sky
472,Saint-Joseph,RE,2022-07-16 19:22:38,-21.3667,55.6167,66.58,75,14,13.98,few clouds
473,Pavlodolskaya,RU,2022-07-16 19:22:38,43.7192,44.4781,77.99,47,0,8.46,clear sky
474,Turukhansk,RU,2022-07-16 19:22:39,65.8167,87.9833,55.58,70,85,9.06,overcast clouds
475,Den Helder,NL,2022-07-16 19:22:15,52.9599,4.7593,62.02,68,20,5.99,few clouds
476,Kilrush,IE,2022-07-16 19:22:39,52.6397,-9.4833,69.55,79,100,3.06,overcast clouds
477,La Grande,US,2022-07-16 19:19:49,45.3246,-118.0877,89.02,30,0,2.59,clear sky
478,Strezhevoy,RU,2022-07-16 19:22:40,60.7333,77.5889,54.28,84,78,6.13,broken clouds
479,Afua,BR,2022-07-16 19:22:40,-0.1567,-50.3867,81.45,79,100,0.96,overcast clouds
480,Requena,ES,2022-07-16 19:22:40,39.4883,-1.1004,78.51,28,0,7.72,clear sky
481,Bria,CF,2022-07-16 19:22:41,6.5423,21.9863,70.83,95,89,1.59,light rain
482,Husavik,IS,2022-07-16 19:22:41,66.0449,-17.3389,53.94,79,100,6.82,overcast clouds
483,Chaska,US,2022-07-16 19:22:41,44.7894,-93.6022,88.25,58,0,8.05,clear sky
484,Mareeba,AU,2022-07-16 19:22:42,-17.0,145.4333,63.32,99,26,2.42,scattered clouds
485,Bengkulu,ID,2022-07-16 19:22:42,-3.8004,102.2655,76.03,86,100,3.53,overcast clouds
486,Merta,IN,2022-07-16 19:22:42,26.65,74.0333,84.65,70,82,7.81,broken clouds
487,Cotonou,BJ,2022-07-16 19:22:43,6.3654,2.4183,76.68,84,89,13.8,overcast clouds
488,Sistranda,NO,2022-07-16 19:22:43,63.7256,8.834,49.96,80,100,23.17,overcast clouds
489,Dingle,PH,2022-07-16 19:22:43,10.9995,122.6711,75.67,93,91,1.34,overcast clouds
490,Tenenkou,ML,2022-07-16 19:21:10,14.4572,-4.9169,89.82,48,100,25.88,overcast clouds
491,Nouna,BF,2022-07-16 19:22:44,12.7333,-3.8667,83.26,63,100,6.69,light rain
492,Fuling,CN,2022-07-16 19:22:44,29.7022,107.3919,80.47,90,70,3.44,broken clouds
493,Santa Rosalia,MX,2022-07-16 19:22:44,27.3167,-112.2833,88.63,57,84,12.37,broken clouds
494,Graaff-Reinet,ZA,2022-07-16 19:22:44,-32.2522,24.5308,61.23,31,0,8.01,clear sky
495,Caravelas,BR,2022-07-16 19:22:45,-17.7125,-39.2481,76.12,69,9,7.18,clear sky
496,Korla,CN,2022-07-16 19:22:45,41.7597,86.1469,74.37,42,9,6.46,clear sky
497,Mount Gambier,AU,2022-07-16 19:22:45,-37.8333,140.7667,51.71,93,75,13.8,light intensity shower rain
498,Kaka,TM,2022-07-16 19:22:46,37.3482,59.6143,88.54,10,0,4.94,clear sky
499,Erenhot,CN,2022-07-16 19:20:46,43.6475,111.9767,68.54,51,0,16.26,clear sky
500,Zhanaozen,KZ,2022-07-16 19:22:46,43.3,52.8,93.78,16,0,5.86,clear sky
501,Takoradi,GH,2022-07-16 19:22:47,4.8845,-1.7554,75.67,83,100,9.84,overcast clouds
502,San Matias,BO,2022-07-16 19:22:47,-16.3667,-58.4,97.99,24,100,10.49,overcast clouds
503,Aksu,CN,2022-07-16 19:22:47,41.1231,80.2644,78.42,35,3,2.08,clear sky
504,Dagana,MR,2022-07-16 19:22:48,16.5165,-15.5068,85.15,50,4,19.04,clear sky
505,Bonfim,BR,2022-07-16 19:23:48,3.0833,-59.95,86.49,63,33,3.98,scattered clouds
506,Tabou,CI,2022-07-16 19:23:48,4.423,-7.3528,75.7,83,100,9.66,overcast clouds
507,Santa Rosa,PH,2022-07-16 19:23:48,14.3122,121.1114,78.78,91,100,3.02,overcast clouds
508,Fenton,US,2022-07-16 19:23:49,42.7978,-83.7049,81.41,61,100,8.05,overcast clouds
509,Obihiro,JP,2022-07-16 19:23:49,42.9172,143.2044,60.73,98,100,5.32,light rain
510,Sun Valley,US,2022-07-16 19:23:49,39.5963,-119.776,98.04,16,0,8.01,clear sky
511,Muyuka,CM,2022-07-16 19:23:50,4.2898,9.4103,75.15,93,52,1.86,broken clouds
512,West Monroe,US,2022-07-16 19:23:50,32.5185,-92.1476,96.03,46,75,3.44,broken clouds
513,Tahoua,NE,2022-07-16 19:23:50,14.8888,5.2692,84.15,55,24,7.36,few clouds
514,Puerto Baquerizo Moreno,EC,2022-07-16 19:23:51,-0.9,-89.6,72.59,83,75,10.36,light rain
515,Guaruja,BR,2022-07-16 19:23:51,-23.9931,-46.2564,87.66,40,0,6.91,clear sky
516,Tazovskiy,RU,2022-07-16 19:23:51,67.4667,78.7,57.16,63,100,8.25,overcast clouds
517,Itarema,BR,2022-07-16 19:22:09,-2.9248,-39.9167,83.55,67,12,16.75,few clouds
518,Apatity,RU,2022-07-16 19:23:52,67.5641,33.4031,55.53,92,16,3.8,few clouds
519,Plettenberg Bay,ZA,2022-07-16 19:23:52,-34.0527,23.3716,65.75,41,71,7.34,broken clouds
520,Ulladulla,AU,2022-07-16 19:23:52,-35.35,150.4667,56.82,50,4,13.06,clear sky
521,Tessalit,ML,2022-07-16 19:23:53,20.1986,1.0114,99.37,11,99,4.29,overcast clouds
522,Fortuna,US,2022-07-16 19:23:53,40.5982,-124.1573,66.92,79,43,5.99,scattered clouds
523,Buala,SB,2022-07-16 19:23:53,-8.145,159.5921,78.53,85,91,9.37,light rain
524,Niimi,JP,2022-07-16 19:23:54,34.9833,133.4667,67.41,96,1,3.09,clear sky
525,Arucas,ES,2022-07-16 19:23:54,28.1198,-15.5233,72.37,79,99,12.84,overcast clouds
526,Moussoro,TD,2022-07-16 19:23:54,13.6408,16.4901,81.93,66,95,5.59,overcast clouds
527,Keflavik,IS,2022-07-16 19:23:55,64.0049,-22.5624,53.51,93,100,9.22,light rain
528,Savelugu,GH,2022-07-16 19:23:55,9.6244,-0.8253,77.5,84,100,3.33,overcast clouds
529,Bo Rai,TH,2022-07-16 19:23:56,12.5728,102.5371,81.77,97,93,2.35,overcast clouds
530,North Bend,US,2022-07-16 19:23:56,43.4065,-124.2243,68.23,84,100,11.5,overcast clouds
531,San Patricio,US,2022-07-16 19:23:56,28.017,-97.5169,95.72,38,10,17.09,clear sky
532,Panguipulli,CL,2022-07-16 19:23:57,-39.6333,-72.3333,41.38,88,100,4.05,overcast clouds
533,Manggar,ID,2022-07-16 19:23:57,-2.8833,108.2667,79.81,72,100,3.58,overcast clouds
534,Cap Malheureux,MU,2022-07-16 19:21:41,-19.9842,57.6142,70.47,68,1,5.01,clear sky
535,Namibe,AO,2022-07-16 19:23:57,-15.1961,12.1522,65.39,94,28,4.16,scattered clouds
536,Antigonish,CA,2022-07-16 19:23:58,45.6169,-61.9986,81.14,54,100,7.0,overcast clouds
537,Noyabrsk,RU,2022-07-16 19:23:58,63.1994,75.4507,60.73,55,100,9.89,overcast clouds
538,Altar,MX,2022-07-16 19:23:58,30.7,-111.8167,96.89,36,14,5.03,few clouds
539,Kaufungen,DE,2022-07-16 19:23:59,51.2811,9.6186,64.96,58,24,3.76,few clouds
540,Wexford,IE,2022-07-16 19:23:59,52.3342,-6.4575,66.13,78,100,1.83,light rain
541,Sainte-Marie,RE,2022-07-16 19:23:59,-20.8968,55.5496,68.16,71,20,13.8,few clouds
542,Ormara,PK,2022-07-16 19:24:00,25.2088,64.6357,86.18,75,100,4.79,overcast clouds
543,Araguacu,BR,2022-07-16 19:24:00,-12.9306,-49.8264,94.44,19,0,3.58,clear sky
544,Matay,EG,2022-07-16 19:24:00,28.419,30.7792,82.71,31,1,2.84,clear sky
545,Ahome,MX,2022-07-16 19:24:00,25.9167,-109.1833,89.55,48,97,12.06,overcast clouds
546,Aiken,US,2022-07-16 19:24:01,33.5835,-81.5998,94.1,54,75,5.75,broken clouds
547,Kyzyl-Suu,KG,2022-07-16 19:24:01,42.3414,78.0056,61.52,37,0,5.59,clear sky
548,Panjab,AF,2022-07-16 19:24:01,34.388,67.0233,57.33,29,0,6.33,clear sky
549,Fort Nelson,CA,2022-07-16 19:24:02,58.8053,-122.7002,63.99,82,40,3.44,scattered clouds
550,Lompoc,US,2022-07-16 19:23:42,34.6391,-120.4579,96.69,64,0,12.66,clear sky
551,Lorengau,PG,2022-07-16 19:25:02,-2.0226,147.2712,81.41,79,18,10.54,few clouds
552,Champerico,GT,2022-07-16 19:25:03,14.3,-91.9167,91.94,72,100,7.4,overcast clouds
553,Porosozero,RU,2022-07-16 19:25:03,62.7191,32.727,54.14,71,31,6.55,scattered clouds
554,Shubarshi,KZ,2022-07-16 19:25:03,48.5872,57.1869,78.8,45,4,10.31,clear sky
555,Yakeshi,CN,2022-07-16 19:25:04,49.2833,120.7333,61.2,96,100,4.56,overcast clouds
556,Muskegon,US,2022-07-16 19:20:17,43.3,-86.1334,81.3,65,75,8.05,broken clouds
557,Hitachi,JP,2022-07-16 19:25:04,36.6,140.65,71.6,97,100,3.53,overcast clouds
558,Abalak,RU,2022-07-16 19:25:04,58.1286,68.5944,63.28,88,97,7.9,overcast clouds
559,Bilma,NE,2022-07-16 19:24:10,18.6853,12.9164,93.02,34,0,9.4,clear sky
560,Abu Samrah,SY,2022-07-16 19:24:53,35.3029,37.1841,77.41,53,0,13.02,clear sky
561,Ust-Kuyga,RU,2022-07-16 19:25:05,70.0167,135.6,45.03,83,100,4.32,overcast clouds
562,Half Moon Bay,US,2022-07-16 19:25:05,37.4636,-122.4286,88.88,66,0,14.97,clear sky
563,Comandau,RO,2022-07-16 19:25:05,45.7667,26.2667,58.86,51,0,4.25,clear sky
564,Leshukonskoye,RU,2022-07-16 19:25:06,64.8989,45.7622,57.88,79,4,5.53,clear sky
565,Vendychany,UA,2022-07-16 19:25:06,48.6118,27.7932,61.7,76,94,7.05,light rain
566,Mahon,ES,2022-07-16 19:25:06,39.8885,4.2658,81.16,69,0,4.61,clear sky
567,Plopsoru,RO,2022-07-16 19:25:07,44.7833,23.35,70.63,36,3,8.55,clear sky
568,Hambantota,LK,2022-07-16 19:25:07,6.1241,81.1185,79.65,79,100,16.33,overcast clouds
569,Pauini,BR,2022-07-16 19:25:07,-7.7136,-66.9764,90.5,49,84,4.05,broken clouds
570,Bossangoa,CF,2022-07-16 19:24:34,6.4926,17.4552,72.12,93,100,1.34,overcast clouds
571,Fonte Boa,BR,2022-07-16 19:25:08,-2.4959,-66.2662,85.5,66,99,3.65,overcast clouds
572,Alta Floresta,BR,2022-07-16 19:25:08,-9.8756,-56.0861,89.42,48,40,3.44,scattered clouds
573,Bet Shemesh,IL,2022-07-16 19:25:08,31.7496,34.9888,77.0,100,0,2.19,clear sky
574,Riviere-Au-Renard,CA,2022-07-16 19:25:09,48.9957,-64.3971,70.09,87,100,2.66,overcast clouds
575,Ugoofaaru,MV,2022-07-16 19:21:17,5.6667,73.0,82.15,78,45,7.38,scattered clouds
576,Tipuani,BO,2022-07-16 19:25:09,-15.5648,-68.0185,87.13,48,66,5.08,broken clouds
577,Kazachinskoye,RU,2022-07-16 19:25:10,57.6953,93.2761,49.15,94,100,1.95,overcast clouds
578,Marsala,IT,2022-07-16 19:25:10,37.7966,12.4352,83.93,74,0,6.91,clear sky
579,Olinda,BR,2022-07-16 19:25:10,-8.0089,-34.8553,74.93,94,75,14.97,mist
580,Letterkenny,IE,2022-07-16 19:25:10,54.95,-7.7333,66.09,96,100,2.17,overcast clouds
581,Atima,HN,2022-07-16 19:25:11,14.9333,-88.4833,81.25,62,100,3.62,overcast clouds
582,Alikovo,RU,2022-07-16 19:25:11,55.7383,46.7549,61.41,86,6,2.91,clear sky
583,Shediac,CA,2022-07-16 19:25:11,46.2198,-64.5411,87.1,36,20,16.11,few clouds
584,Atasu,KZ,2022-07-16 19:25:12,48.6814,71.6433,80.01,27,3,9.84,clear sky
585,Oyama,JP,2022-07-16 19:25:12,36.3,139.8,76.59,96,100,4.5,overcast clouds
586,Shache,CN,2022-07-16 19:25:12,38.4167,77.2406,82.71,26,99,8.28,overcast clouds
